mean_fit_time,std_fit_time,mean_score_time,std_score_time,param_selector__k,param_svm__C,param_svm__kernel,param_svm__gamma,param_svm__coef0,param_svm__degree,params,split0_test_score,split1_test_score,split2_test_score,split3_test_score,split4_test_score,split5_test_score,split6_test_score,split7_test_score,split8_test_score,split9_test_score,mean_test_score,std_test_score,rank_test_score
0.05882418155670166,0.004751576156227819,0.008979892730712891,0.0030472538841514562,22,10.0,rbf,0.1,,,"{'selector__k': 22, 'svm__C': 10, 'svm__gamma': 0.1, 'svm__kernel': 'rbf'}",0.5178571428571429,0.44642857142857145,0.5267857142857143,0.5803571428571429,0.5714285714285714,0.5625,0.5267857142857143,0.5267857142857143,0.5714285714285714,0.5803571428571429,0.5410714285714285,0.03936679943758679,1
0.04981391429901123,0.0033805929086423055,0.009539794921875,0.0019407859788668808,22,10.0,rbf,scale,,,"{'selector__k': 22, 'svm__C': 10, 'svm__gamma': 'scale', 'svm__kernel': 'rbf'}",0.5178571428571429,0.4732142857142857,0.5267857142857143,0.5357142857142857,0.5357142857142857,0.5,0.5267857142857143,0.5357142857142857,0.6517857142857143,0.5892857142857143,0.5392857142857144,0.04677071733467427,2
0.06467370986938477,0.0166023345271663,0.011408233642578125,0.004918988386854668,15,10.0,rbf,0.1,,,"{'selector__k': 15, 'svm__C': 10, 'svm__gamma': 0.1, 'svm__kernel': 'rbf'}",0.5178571428571429,0.5267857142857143,0.5446428571428571,0.5625,0.49107142857142855,0.5178571428571429,0.5,0.5089285714285714,0.5982142857142857,0.5892857142857143,0.5357142857142858,0.03503824441133675,3
0.03618390560150146,0.00795269134680354,0.008865070343017579,0.007378689690483623,6,10.0,rbf,scale,,,"{'selector__k': 6, 'svm__C': 10, 'svm__gamma': 'scale', 'svm__kernel': 'rbf'}",0.5178571428571429,0.5535714285714286,0.5178571428571429,0.5089285714285714,0.375,0.5446428571428571,0.5803571428571429,0.5357142857142857,0.625,0.5982142857142857,0.5357142857142857,0.06438484420471409,4
0.04897592067718506,0.010808884167793041,0.01127796173095703,0.008330334012679722,12,10.0,rbf,0.1,,,"{'selector__k': 12, 'svm__C': 10, 'svm__gamma': 0.1, 'svm__kernel': 'rbf'}",0.5535714285714286,0.48214285714285715,0.5446428571428571,0.5089285714285714,0.5178571428571429,0.5089285714285714,0.5446428571428571,0.4375,0.5982142857142857,0.6071428571428571,0.5303571428571429,0.048445214165180474,5
0.048300862312316895,0.006902479919711532,0.010601544380187988,0.0017258955323604679,12,10.0,rbf,scale,,,"{'selector__k': 12, 'svm__C': 10, 'svm__gamma': 'scale', 'svm__kernel': 'rbf'}",0.5357142857142857,0.49107142857142855,0.5446428571428571,0.49107142857142855,0.5,0.5089285714285714,0.5892857142857143,0.42857142857142855,0.5982142857142857,0.5892857142857143,0.5276785714285714,0.05151561334554164,6
0.04409670829772949,0.0050156139333518215,0.009137773513793945,0.0026205919351740777,22,1.0,rbf,0.1,,,"{'selector__k': 22, 'svm__C': 1, 'svm__gamma': 0.1, 'svm__kernel': 'rbf'}",0.5357142857142857,0.5,0.5178571428571429,0.5,0.49107142857142855,0.5535714285714286,0.4642857142857143,0.49107142857142855,0.6339285714285714,0.5803571428571429,0.5267857142857143,0.0480818286351295,7
0.057643890380859375,0.015073280852841197,0.015354061126708984,0.005620450373696918,22,0.1,rbf,0.01,,,"{'selector__k': 22, 'svm__C': 0.1, 'svm__gamma': 0.01, 'svm__kernel': 'rbf'}",0.5446428571428571,0.5446428571428571,0.5089285714285714,0.5178571428571429,0.39285714285714285,0.5892857142857143,0.6696428571428571,0.49107142857142855,0.45535714285714285,0.5535714285714286,0.5267857142857143,0.07098073897982782,7
0.021119308471679688,0.002799811567590127,0.004585886001586914,0.003516117367408415,4,0.1,poly,scale,0.0,2.0,"{'selector__k': 4, 'svm__C': 0.1, 'svm__coef0': 0.0, 'svm__degree': 2, 'svm__gamma': 'scale', 'svm__kernel': 'poly'}",0.5,0.5,0.5446428571428571,0.49107142857142855,0.5,0.5,0.5625,0.5,0.5982142857142857,0.5714285714285714,0.5267857142857142,0.036813443085871964,9
0.03310472965240478,0.005401714513523957,0.010326504707336426,0.008623651688959802,4,10.0,rbf,scale,,,"{'selector__k': 4, 'svm__C': 10, 'svm__gamma': 'scale', 'svm__kernel': 'rbf'}",0.5267857142857143,0.5803571428571429,0.5178571428571429,0.5357142857142857,0.38392857142857145,0.6160714285714286,0.5714285714285714,0.4732142857142857,0.5089285714285714,0.5446428571428571,0.525892857142857,0.06074710247562161,10
0.06052019596099854,0.012166794872230944,0.010106968879699706,0.004481951162089748,15,10.0,rbf,scale,,,"{'selector__k': 15, 'svm__C': 10, 'svm__gamma': 'scale', 'svm__kernel': 'rbf'}",0.5089285714285714,0.49107142857142855,0.5267857142857143,0.5446428571428571,0.4732142857142857,0.5,0.5892857142857143,0.48214285714285715,0.5446428571428571,0.5892857142857143,0.525,0.0394881149776714,11
0.024200582504272462,0.0050759735853748945,0.00212712287902832,0.002860779066022576,6,0.1,poly,scale,0.0,2.0,"{'selector__k': 6, 'svm__C': 0.1, 'svm__coef0': 0.0, 'svm__degree': 2, 'svm__gamma': 'scale', 'svm__kernel': 'poly'}",0.5,0.5446428571428571,0.5357142857142857,0.5089285714285714,0.5,0.5089285714285714,0.5357142857142857,0.49107142857142855,0.5892857142857143,0.5357142857142857,0.525,0.02789374884252377,11
0.04031367301940918,0.007584759257408963,0.008728671073913574,0.006400662071816827,15,1.0,rbf,0.1,,,"{'selector__k': 15, 'svm__C': 1, 'svm__gamma': 0.1, 'svm__kernel': 'rbf'}",0.5446428571428571,0.48214285714285715,0.5,0.45535714285714285,0.375,0.6071428571428571,0.6071428571428571,0.5089285714285714,0.5982142857142857,0.5714285714285714,0.5249999999999999,0.07174039080928808,13
0.0323561429977417,0.0009699658582106532,0.015526580810546874,0.0010247260584460988,8,10.0,rbf,scale,,,"{'selector__k': 8, 'svm__C': 10, 'svm__gamma': 'scale', 'svm__kernel': 'rbf'}",0.49107142857142855,0.5089285714285714,0.5178571428571429,0.48214285714285715,0.39285714285714285,0.5178571428571429,0.5446428571428571,0.5089285714285714,0.6517857142857143,0.6160714285714286,0.5232142857142857,0.0676689118624872,14
0.036693906784057616,0.0074343153758877935,0.00379033088684082,0.0049505280851262,22,1.0,poly,scale,1.0,3.0,"{'selector__k': 22, 'svm__C': 1, 'svm__coef0': 1.0, 'svm__degree': 3, 'svm__gamma': 'scale', 'svm__kernel': 'poly'}",0.5535714285714286,0.4642857142857143,0.49107142857142855,0.49107142857142855,0.49107142857142855,0.5267857142857143,0.5982142857142857,0.49107142857142855,0.5089285714285714,0.6160714285714286,0.5232142857142856,0.04794900565034841,15
0.02386484146118164,0.0052161169856348825,0.002295565605163574,0.003340893537079105,4,1.0,poly,scale,0.0,2.0,"{'selector__k': 4, 'svm__C': 1, 'svm__coef0': 0.0, 'svm__degree': 2, 'svm__gamma': 'scale', 'svm__kernel': 'poly'}",0.4375,0.5178571428571429,0.5267857142857143,0.5357142857142857,0.48214285714285715,0.5089285714285714,0.5357142857142857,0.4642857142857143,0.5982142857142857,0.6071428571428571,0.5214285714285714,0.05069667702349424,16
0.037808775901794434,0.007097932257128556,0.008236336708068847,0.007189535158546543,12,1.0,rbf,0.1,,,"{'selector__k': 12, 'svm__C': 1, 'svm__gamma': 0.1, 'svm__kernel': 'rbf'}",0.5803571428571429,0.44642857142857145,0.48214285714285715,0.5,0.39285714285714285,0.5714285714285714,0.6160714285714286,0.49107142857142855,0.5089285714285714,0.6160714285714286,0.5205357142857142,0.07008217661853718,17
0.040605592727661136,0.007378834788775108,0.0041566133499145504,0.005574011518558819,10,10.0,rbf,scale,,,"{'selector__k': 10, 'svm__C': 10, 'svm__gamma': 'scale', 'svm__kernel': 'rbf'}",0.49107142857142855,0.5,0.5357142857142857,0.4732142857142857,0.42857142857142855,0.48214285714285715,0.5892857142857143,0.44642857142857145,0.6428571428571429,0.5625,0.5151785714285715,0.06351848718511577,18
0.03214704990386963,0.005591176398294504,0.00473175048828125,0.003929927858838624,22,1.0,poly,scale,0.0,2.0,"{'selector__k': 22, 'svm__C': 1, 'svm__coef0': 0.0, 'svm__degree': 2, 'svm__gamma': 'scale', 'svm__kernel': 'poly'}",0.5625,0.45535714285714285,0.4375,0.35714285714285715,0.5089285714285714,0.5803571428571429,0.6339285714285714,0.48214285714285715,0.5267857142857143,0.6071428571428571,0.5151785714285715,0.08056025916755019,18
0.0470177173614502,0.005593623876130205,0.002473878860473633,0.005165208512701042,10,10.0,rbf,0.1,,,"{'selector__k': 10, 'svm__C': 10, 'svm__gamma': 0.1, 'svm__kernel': 'rbf'}",0.49107142857142855,0.5,0.5357142857142857,0.4732142857142857,0.42857142857142855,0.48214285714285715,0.5892857142857143,0.44642857142857145,0.6428571428571429,0.5625,0.5151785714285715,0.06351848718511577,18
0.028131103515625,0.0023684943277409217,0.002824854850769043,0.000986325928332641,10,1.0,poly,scale,0.0,2.0,"{'selector__k': 10, 'svm__C': 1, 'svm__coef0': 0.0, 'svm__degree': 2, 'svm__gamma': 'scale', 'svm__kernel': 'poly'}",0.48214285714285715,0.48214285714285715,0.5267857142857143,0.45535714285714285,0.5089285714285714,0.5357142857142857,0.6071428571428571,0.4642857142857143,0.4732142857142857,0.5982142857142857,0.5133928571428571,0.05101801652557732,21
0.04107067584991455,0.007462184076938263,0.005226635932922363,0.007127002238634711,12,1.0,rbf,scale,,,"{'selector__k': 12, 'svm__C': 1, 'svm__gamma': 'scale', 'svm__kernel': 'rbf'}",0.5357142857142857,0.44642857142857145,0.4732142857142857,0.5089285714285714,0.3482142857142857,0.6071428571428571,0.6071428571428571,0.5267857142857143,0.4732142857142857,0.6071428571428571,0.5133928571428571,0.0787791491242111,21
0.019211792945861818,0.0036314411330707116,0.0006989240646362305,0.0014160151515107066,4,0.1,linear,,,,"{'selector__k': 4, 'svm__C': 0.1, 'svm__kernel': 'linear'}",0.5714285714285714,0.5,0.5,0.6339285714285714,0.2857142857142857,0.5982142857142857,0.5982142857142857,0.49107142857142855,0.375,0.5625,0.5116071428571429,0.103205171372171,23
0.0325965166091919,0.0024609857902139617,0.004538106918334961,0.0010113958127005486,12,1.0,poly,scale,0.0,2.0,"{'selector__k': 12, 'svm__C': 1, 'svm__coef0': 0.0, 'svm__degree': 2, 'svm__gamma': 'scale', 'svm__kernel': 'poly'}",0.5267857142857143,0.49107142857142855,0.5267857142857143,0.45535714285714285,0.48214285714285715,0.5357142857142857,0.625,0.4642857142857143,0.44642857142857145,0.5535714285714286,0.5107142857142858,0.05156974670783447,24
0.030695128440856933,0.00854928641211909,0.0036945104598999023,0.0034754428587923424,6,1.0,poly,scale,0.0,2.0,"{'selector__k': 6, 'svm__C': 1, 'svm__coef0': 0.0, 'svm__degree': 2, 'svm__gamma': 'scale', 'svm__kernel': 'poly'}",0.42857142857142855,0.5803571428571429,0.5357142857142857,0.45535714285714285,0.48214285714285715,0.5089285714285714,0.5357142857142857,0.44642857142857145,0.5625,0.5714285714285714,0.5107142857142857,0.05218442570072306,25
0.03367846012115479,0.003391069602345601,0.010338330268859863,0.006559222896329795,6,10.0,rbf,0.1,,,"{'selector__k': 6, 'svm__C': 10, 'svm__gamma': 0.1, 'svm__kernel': 'rbf'}",0.5089285714285714,0.5535714285714286,0.44642857142857145,0.49107142857142855,0.36607142857142855,0.5535714285714286,0.49107142857142855,0.5357142857142857,0.5982142857142857,0.5625,0.5107142857142857,0.063612546894846,25
0.038196015357971194,0.01006635985777573,0.0064498186111450195,0.006965774559333708,4,0.1,rbf,0.01,,,"{'selector__k': 4, 'svm__C': 0.1, 'svm__gamma': 0.01, 'svm__kernel': 'rbf'}",0.5625,0.5,0.5357142857142857,0.5,0.48214285714285715,0.5,0.5625,0.49107142857142855,0.39285714285714285,0.5625,0.5089285714285714,0.049066541657264595,27
0.036318039894104,0.006386804380657954,0.01000227928161621,0.007000250224576057,8,10.0,rbf,0.1,,,"{'selector__k': 8, 'svm__C': 10, 'svm__gamma': 0.1, 'svm__kernel': 'rbf'}",0.4642857142857143,0.49107142857142855,0.5446428571428571,0.4642857142857143,0.35714285714285715,0.48214285714285715,0.5625,0.5,0.5982142857142857,0.625,0.5089285714285714,0.07330134197062067,27
0.03295519351959229,0.004071007857650936,0.005079221725463867,0.004786005471933454,22,1.0,poly,scale,0.0,3.0,"{'selector__k': 22, 'svm__C': 1, 'svm__coef0': 0.0, 'svm__degree': 3, 'svm__gamma': 'scale', 'svm__kernel': 'poly'}",0.5714285714285714,0.4375,0.5357142857142857,0.5,0.4375,0.5535714285714286,0.5089285714285714,0.49107142857142855,0.49107142857142855,0.5625,0.5089285714285714,0.045175395145262566,27
0.04682576656341553,0.006769408114466334,0.013790345191955567,0.004456194553656081,15,0.1,rbf,0.01,,,"{'selector__k': 15, 'svm__C': 0.1, 'svm__gamma': 0.01, 'svm__kernel': 'rbf'}",0.5535714285714286,0.5267857142857143,0.5089285714285714,0.48214285714285715,0.3482142857142857,0.5803571428571429,0.6607142857142857,0.48214285714285715,0.4017857142857143,0.5267857142857143,0.5071428571428571,0.08335671440702719,30
0.04889860153198242,0.012669673571754534,0.0023601770401000975,0.0037971713500791785,4,10.0,linear,,,,"{'selector__k': 4, 'svm__C': 10, 'svm__kernel': 'linear'}",0.5446428571428571,0.5,0.5,0.6517857142857143,0.2857142857142857,0.5982142857142857,0.5535714285714286,0.49107142857142855,0.375,0.5625,0.50625,0.10133436898078901,31
0.020544552803039552,0.004297448829226813,0.003177332878112793,0.0036440496024348606,4,0.1,poly,scale,1.0,2.0,"{'selector__k': 4, 'svm__C': 0.1, 'svm__coef0': 1.0, 'svm__degree': 2, 'svm__gamma': 'scale', 'svm__kernel': 'poly'}",0.5446428571428571,0.5,0.5267857142857143,0.625,0.30357142857142855,0.5357142857142857,0.5357142857142857,0.48214285714285715,0.4642857142857143,0.5446428571428571,0.50625,0.07916275052970666,31
0.02581477165222168,0.001541618923997509,0.003371143341064453,0.000476256114284173,10,0.1,poly,scale,0.0,2.0,"{'selector__k': 10, 'svm__C': 0.1, 'svm__coef0': 0.0, 'svm__degree': 2, 'svm__gamma': 'scale', 'svm__kernel': 'poly'}",0.5,0.4375,0.48214285714285715,0.48214285714285715,0.48214285714285715,0.5357142857142857,0.5982142857142857,0.4375,0.5803571428571429,0.5267857142857143,0.50625,0.05145367690794254,31
0.02100396156311035,0.007024194420631685,0.005489563941955567,0.006801323322268863,6,0.1,linear,,,,"{'selector__k': 6, 'svm__C': 0.1, 'svm__kernel': 'linear'}",0.5714285714285714,0.5,0.5089285714285714,0.5535714285714286,0.2857142857142857,0.5803571428571429,0.5982142857142857,0.49107142857142855,0.4017857142857143,0.5714285714285714,0.5062499999999999,0.09192960511129354,34
0.030825328826904298,0.003130637503045222,0.003859853744506836,0.000689349184576068,8,1.0,poly,scale,0.0,2.0,"{'selector__k': 8, 'svm__C': 1, 'svm__coef0': 0.0, 'svm__degree': 2, 'svm__gamma': 'scale', 'svm__kernel': 'poly'}",0.5178571428571429,0.4642857142857143,0.5625,0.45535714285714285,0.5178571428571429,0.5089285714285714,0.5178571428571429,0.49107142857142855,0.5,0.5178571428571429,0.5053571428571428,0.028849097181077712,35
0.022834253311157227,0.0077079350308473776,0.00423884391784668,0.006606936254094045,4,1.0,linear,,,,"{'selector__k': 4, 'svm__C': 1, 'svm__kernel': 'linear'}",0.5446428571428571,0.5,0.5089285714285714,0.6428571428571429,0.2857142857142857,0.5982142857142857,0.5535714285714286,0.49107142857142855,0.375,0.5535714285714286,0.5053571428571428,0.09960060548131672,35
0.03208506107330322,0.0065475869328316585,0.0019130706787109375,0.001936088851853836,15,1.0,poly,scale,0.0,2.0,"{'selector__k': 15, 'svm__C': 1, 'svm__coef0': 0.0, 'svm__degree': 2, 'svm__gamma': 'scale', 'svm__kernel': 'poly'}",0.5446428571428571,0.5178571428571429,0.4642857142857143,0.44642857142857145,0.4642857142857143,0.5446428571428571,0.5535714285714286,0.45535714285714285,0.49107142857142855,0.5714285714285714,0.5053571428571428,0.044140025336815256,35
0.028185296058654784,0.0023081482325407045,0.0034227848052978517,0.000506306985694301,12,0.1,poly,scale,0.0,2.0,"{'selector__k': 12, 'svm__C': 0.1, 'svm__coef0': 0.0, 'svm__degree': 2, 'svm__gamma': 'scale', 'svm__kernel': 'poly'}",0.5178571428571429,0.44642857142857145,0.5089285714285714,0.4732142857142857,0.4732142857142857,0.5446428571428571,0.5892857142857143,0.4107142857142857,0.5535714285714286,0.5267857142857143,0.5044642857142858,0.05101801652557734,38
0.06463696956634521,0.013113830399489587,0.0014050722122192383,0.0031676445455761453,6,10.0,linear,,,,"{'selector__k': 6, 'svm__C': 10, 'svm__kernel': 'linear'}",0.5357142857142857,0.5,0.48214285714285715,0.5446428571428571,0.2857142857142857,0.6071428571428571,0.625,0.49107142857142855,0.4107142857142857,0.5535714285714286,0.5035714285714286,0.09349028651934588,39
0.034159731864929196,0.005451865119289412,0.007368135452270508,0.006890601396268933,6,1.0,rbf,0.01,,,"{'selector__k': 6, 'svm__C': 1, 'svm__gamma': 0.01, 'svm__kernel': 'rbf'}",0.5803571428571429,0.5,0.5,0.5625,0.2857142857142857,0.5803571428571429,0.5982142857142857,0.49107142857142855,0.38392857142857145,0.5446428571428571,0.5026785714285713,0.09373299165443189,40
0.03532652854919434,0.005996610762692355,0.014533185958862304,0.0030757457679972495,12,0.1,rbf,0.01,,,"{'selector__k': 12, 'svm__C': 0.1, 'svm__gamma': 0.01, 'svm__kernel': 'rbf'}",0.5089285714285714,0.5267857142857143,0.5178571428571429,0.5267857142857143,0.35714285714285715,0.5446428571428571,0.6071428571428571,0.48214285714285715,0.4107142857142857,0.5446428571428571,0.5026785714285713,0.06776897467552115,40
0.02197220325469971,0.0018555061270602766,0.0038570880889892576,0.003230266170900252,6,0.1,poly,scale,0.0,3.0,"{'selector__k': 6, 'svm__C': 0.1, 'svm__coef0': 0.0, 'svm__degree': 3, 'svm__gamma': 'scale', 'svm__kernel': 'poly'}",0.5,0.5,0.5357142857142857,0.5,0.45535714285714285,0.5,0.5,0.5,0.45535714285714285,0.5714285714285714,0.5017857142857143,0.03214285714285714,42
0.034909939765930174,0.005314546648675118,0.009642648696899413,0.00698823658909169,4,10.0,rbf,0.01,,,"{'selector__k': 4, 'svm__C': 10, 'svm__gamma': 0.01, 'svm__kernel': 'rbf'}",0.5357142857142857,0.5,0.5,0.6607142857142857,0.2857142857142857,0.5357142857142857,0.5535714285714286,0.49107142857142855,0.4017857142857143,0.5535714285714286,0.5017857142857143,0.09472705149910603,42
0.03204820156097412,0.003705133083730571,0.007558202743530274,0.00821876897712764,4,1.0,rbf,0.01,,,"{'selector__k': 4, 'svm__C': 1, 'svm__gamma': 0.01, 'svm__kernel': 'rbf'}",0.5535714285714286,0.5,0.5,0.6339285714285714,0.2857142857142857,0.5178571428571429,0.6071428571428571,0.49107142857142855,0.375,0.5446428571428571,0.5008928571428571,0.09808839334071724,44
0.028857040405273437,0.009016301546210973,0.0007402420043945313,0.0011528772625329568,6,1.0,linear,,,,"{'selector__k': 6, 'svm__C': 1, 'svm__kernel': 'linear'}",0.5357142857142857,0.5,0.5089285714285714,0.5535714285714286,0.2857142857142857,0.5892857142857143,0.5982142857142857,0.49107142857142855,0.4107142857142857,0.5357142857142857,0.5008928571428571,0.08779560126817754,44
0.060547685623168944,0.005727371087507136,0.0031924724578857424,0.0038664024410185647,22,1.0,linear,,,,"{'selector__k': 22, 'svm__C': 1, 'svm__kernel': 'linear'}",0.49107142857142855,0.5,0.5446428571428571,0.49107142857142855,0.33035714285714285,0.6071428571428571,0.625,0.49107142857142855,0.39285714285714285,0.5267857142857143,0.5000000000000001,0.0838525491562421,46
0.02379608154296875,0.005780379662003337,0.0026398181915283205,0.0031491038247531116,4,0.1,poly,scale,0.0,3.0,"{'selector__k': 4, 'svm__C': 0.1, 'svm__coef0': 0.0, 'svm__degree': 3, 'svm__gamma': 'scale', 'svm__kernel': 'poly'}",0.49107142857142855,0.5,0.5357142857142857,0.5,0.41964285714285715,0.5,0.49107142857142855,0.5089285714285714,0.5089285714285714,0.5446428571428571,0.5,0.031693284552319366,47
0.025026535987854003,0.006199375419549211,0.002898764610290527,0.0037728329568109957,4,1.0,poly,scale,1.0,2.0,"{'selector__k': 4, 'svm__C': 1, 'svm__coef0': 1.0, 'svm__degree': 2, 'svm__gamma': 'scale', 'svm__kernel': 'poly'}",0.49107142857142855,0.5,0.49107142857142855,0.5803571428571429,0.30357142857142855,0.5892857142857143,0.5982142857142857,0.4732142857142857,0.4732142857142857,0.5,0.5,0.08015848459808374,47
0.19854295253753662,0.024629027104450675,0.0040580034255981445,0.004972563313340789,22,10.0,linear,,,,"{'selector__k': 22, 'svm__C': 10, 'svm__kernel': 'linear'}",0.4642857142857143,0.44642857142857145,0.5357142857142857,0.5178571428571429,0.36607142857142855,0.6071428571428571,0.6428571428571429,0.49107142857142855,0.38392857142857145,0.5446428571428571,0.4999999999999999,0.08432656395083997,49
0.026474738121032716,0.002325506944065937,0.003609752655029297,0.0006936294983392677,8,0.1,poly,scale,0.0,3.0,"{'selector__k': 8, 'svm__C': 0.1, 'svm__coef0': 0.0, 'svm__degree': 3, 'svm__gamma': 'scale', 'svm__kernel': 'poly'}",0.5,0.5,0.5267857142857143,0.5,0.4642857142857143,0.5,0.5089285714285714,0.48214285714285715,0.4732142857142857,0.5357142857142857,0.49910714285714286,0.02092031163189282,50
0.026831459999084473,0.0013965741505440386,0.0036799430847167967,0.0004319429443642787,10,0.1,poly,scale,0.0,3.0,"{'selector__k': 10, 'svm__C': 0.1, 'svm__coef0': 0.0, 'svm__degree': 3, 'svm__gamma': 'scale', 'svm__kernel': 'poly'}",0.5,0.5,0.5267857142857143,0.5,0.4732142857142857,0.5,0.4642857142857143,0.4642857142857143,0.5178571428571429,0.5357142857142857,0.4982142857142858,0.023555189211201644,51
0.027058124542236328,0.0026651697044171546,0.00416269302368164,0.0007999934761811827,8,0.1,poly,scale,0.0,2.0,"{'selector__k': 8, 'svm__C': 0.1, 'svm__coef0': 0.0, 'svm__degree': 2, 'svm__gamma': 'scale', 'svm__kernel': 'poly'}",0.5267857142857143,0.45535714285714285,0.5089285714285714,0.44642857142857145,0.49107142857142855,0.49107142857142855,0.5178571428571429,0.41964285714285715,0.6160714285714286,0.5089285714285714,0.49821428571428567,0.05110388579019352,52
0.03402276039123535,0.0070509663407796784,0.009215879440307616,0.007184327756402185,10,1.0,rbf,scale,,,"{'selector__k': 10, 'svm__C': 1, 'svm__gamma': 'scale', 'svm__kernel': 'rbf'}",0.4642857142857143,0.48214285714285715,0.49107142857142855,0.49107142857142855,0.3125,0.5535714285714286,0.625,0.5178571428571429,0.4017857142857143,0.6428571428571429,0.49821428571428567,0.09259922973188695,52
0.034445977210998534,0.004792837423118159,0.011450695991516113,0.007273725683553717,10,1.0,rbf,0.1,,,"{'selector__k': 10, 'svm__C': 1, 'svm__gamma': 0.1, 'svm__kernel': 'rbf'}",0.4642857142857143,0.48214285714285715,0.49107142857142855,0.49107142857142855,0.3125,0.5535714285714286,0.625,0.5178571428571429,0.4017857142857143,0.6428571428571429,0.49821428571428567,0.09259922973188695,52
0.06103281974792481,0.016525036985786657,0.016367721557617187,0.005089469220648032,22,0.1,rbf,scale,,,"{'selector__k': 22, 'svm__C': 0.1, 'svm__gamma': 'scale', 'svm__kernel': 'rbf'}",0.5535714285714286,0.4732142857142857,0.5,0.48214285714285715,0.39285714285714285,0.6160714285714286,0.5446428571428571,0.4642857142857143,0.45535714285714285,0.49107142857142855,0.49732142857142864,0.05841906358198425,55
0.030717086791992188,0.006231036934914038,0.011023259162902832,0.006348112285671697,8,1.0,rbf,0.01,,,"{'selector__k': 8, 'svm__C': 1, 'svm__gamma': 0.01, 'svm__kernel': 'rbf'}",0.5,0.5,0.5089285714285714,0.5357142857142857,0.29464285714285715,0.5535714285714286,0.6785714285714286,0.49107142857142855,0.36607142857142855,0.5446428571428571,0.4973214285714286,0.09910714285714287,56
0.04150700569152832,0.006442457089699939,0.013536596298217773,0.004869070964113797,22,0.1,rbf,0.1,,,"{'selector__k': 22, 'svm__C': 0.1, 'svm__gamma': 0.1, 'svm__kernel': 'rbf'}",0.5267857142857143,0.45535714285714285,0.5,0.5178571428571429,0.41964285714285715,0.6071428571428571,0.5535714285714286,0.4642857142857143,0.4375,0.49107142857142855,0.4973214285714286,0.053875624434091385,56
0.033885955810546875,0.006040861205814374,0.008569478988647461,0.007068214751306948,15,1.0,poly,scale,1.0,3.0,"{'selector__k': 15, 'svm__C': 1, 'svm__coef0': 1.0, 'svm__degree': 3, 'svm__gamma': 'scale', 'svm__kernel': 'poly'}",0.5267857142857143,0.5267857142857143,0.4642857142857143,0.5,0.32142857142857145,0.5803571428571429,0.5089285714285714,0.5089285714285714,0.41964285714285715,0.6160714285714286,0.4973214285714286,0.07814923093619264,56
0.0432220458984375,0.006882071611475748,0.01186044216156006,0.005886549623302929,22,1.0,rbf,scale,,,"{'selector__k': 22, 'svm__C': 1, 'svm__gamma': 'scale', 'svm__kernel': 'rbf'}",0.5446428571428571,0.45535714285714285,0.5446428571428571,0.48214285714285715,0.42857142857142855,0.5625,0.45535714285714285,0.48214285714285715,0.44642857142857145,0.5625,0.49642857142857144,0.049261122229049,59
0.028690195083618163,0.0063800659746151445,0.0014000177383422852,0.00143055621097072,4,1.0,poly,scale,0.0,3.0,"{'selector__k': 4, 'svm__C': 1, 'svm__coef0': 0.0, 'svm__degree': 3, 'svm__gamma': 'scale', 'svm__kernel': 'poly'}",0.4732142857142857,0.5,0.5357142857142857,0.5267857142857143,0.3125,0.5,0.5535714285714286,0.5178571428571429,0.45535714285714285,0.5892857142857143,0.49642857142857144,0.07133922984085064,59
0.031980705261230466,0.007880937270752538,0.0026642560958862306,0.004751813248469807,15,1.0,poly,scale,0.0,3.0,"{'selector__k': 15, 'svm__C': 1, 'svm__coef0': 0.0, 'svm__degree': 3, 'svm__gamma': 'scale', 'svm__kernel': 'poly'}",0.44642857142857145,0.5357142857142857,0.5535714285714286,0.5267857142857143,0.36607142857142855,0.5357142857142857,0.5,0.44642857142857145,0.45535714285714285,0.5892857142857143,0.4955357142857143,0.06291317510697435,61
0.03263397216796875,0.0016608956020548276,0.010369586944580077,0.00695693783568079,4,0.1,rbf,scale,,,"{'selector__k': 4, 'svm__C': 0.1, 'svm__gamma': 'scale', 'svm__kernel': 'rbf'}",0.5,0.5089285714285714,0.5,0.6160714285714286,0.3125,0.5892857142857143,0.5714285714285714,0.45535714285714285,0.375,0.5267857142857143,0.4955357142857143,0.08939725176116423,61
0.040246891975402835,0.0041113561136948565,0.010427618026733398,0.005759511944687097,15,0.1,rbf,0.1,,,"{'selector__k': 15, 'svm__C': 0.1, 'svm__gamma': 0.1, 'svm__kernel': 'rbf'}",0.5357142857142857,0.5,0.5178571428571429,0.49107142857142855,0.3125,0.5982142857142857,0.5625,0.4642857142857143,0.4642857142857143,0.5089285714285714,0.49553571428571425,0.07267330623258797,63
0.03244614601135254,0.0030753789146064584,0.002888941764831543,0.001712884157607993,22,0.1,poly,scale,0.0,2.0,"{'selector__k': 22, 'svm__C': 0.1, 'svm__coef0': 0.0, 'svm__degree': 2, 'svm__gamma': 'scale', 'svm__kernel': 'poly'}",0.5357142857142857,0.45535714285714285,0.5089285714285714,0.4107142857142857,0.4642857142857143,0.5535714285714286,0.5446428571428571,0.4375,0.5089285714285714,0.5357142857142857,0.49553571428571425,0.047456008092565394,63
0.030171298980712892,0.004910949312929866,0.010881662368774414,0.0063131387797215836,4,0.1,rbf,0.1,,,"{'selector__k': 4, 'svm__C': 0.1, 'svm__gamma': 0.1, 'svm__kernel': 'rbf'}",0.5267857142857143,0.5,0.5,0.6071428571428571,0.29464285714285715,0.5178571428571429,0.5892857142857143,0.48214285714285715,0.38392857142857145,0.5357142857142857,0.49375,0.08794076305174096,65
0.08000891208648682,0.010633249405693442,0.005711603164672852,0.006589638120048486,8,10.0,linear,,,,"{'selector__k': 8, 'svm__C': 10, 'svm__kernel': 'linear'}",0.4375,0.5,0.48214285714285715,0.5625,0.29464285714285715,0.5357142857142857,0.6785714285714286,0.49107142857142855,0.38392857142857145,0.5625,0.4928571428571429,0.10020705604713,66
0.03088235855102539,0.0016018582323234847,0.004003453254699707,0.0003934135726553504,15,0.1,poly,scale,0.0,2.0,"{'selector__k': 15, 'svm__C': 0.1, 'svm__coef0': 0.0, 'svm__degree': 2, 'svm__gamma': 'scale', 'svm__kernel': 'poly'}",0.5267857142857143,0.45535714285714285,0.5,0.4375,0.49107142857142855,0.5267857142857143,0.5089285714285714,0.45535714285714285,0.5,0.5267857142857143,0.4928571428571429,0.03113499245386196,66
0.03528211116790771,0.005261897657756938,0.00813279151916504,0.0060682444047321935,8,1.0,rbf,scale,,,"{'selector__k': 8, 'svm__C': 1, 'svm__gamma': 'scale', 'svm__kernel': 'rbf'}",0.45535714285714285,0.4732142857142857,0.4642857142857143,0.4642857142857143,0.3392857142857143,0.5267857142857143,0.6428571428571429,0.5535714285714286,0.4642857142857143,0.5446428571428571,0.49285714285714277,0.07605549799659592,68
0.027641654014587402,0.006529225962419278,0.004580926895141601,0.00546439302167895,22,0.1,poly,scale,1.0,3.0,"{'selector__k': 22, 'svm__C': 0.1, 'svm__coef0': 1.0, 'svm__degree': 3, 'svm__gamma': 'scale', 'svm__kernel': 'poly'}",0.5089285714285714,0.4642857142857143,0.5446428571428571,0.44642857142857145,0.3482142857142857,0.5803571428571429,0.5446428571428571,0.4732142857142857,0.42857142857142855,0.5803571428571429,0.49196428571428574,0.07024124791148906,69
0.033438372611999514,0.0029725683529891714,0.010138320922851562,0.00695753305445738,6,1.0,rbf,scale,,,"{'selector__k': 6, 'svm__C': 1, 'svm__gamma': 'scale', 'svm__kernel': 'rbf'}",0.5089285714285714,0.5357142857142857,0.44642857142857145,0.4107142857142857,0.35714285714285715,0.5535714285714286,0.5625,0.5714285714285714,0.4107142857142857,0.5625,0.49196428571428574,0.0746430707447388,69
0.032617044448852536,0.0022888422726335626,0.0072173595428466795,0.007518936096657014,4,1.0,rbf,scale,,,"{'selector__k': 4, 'svm__C': 1, 'svm__gamma': 'scale', 'svm__kernel': 'rbf'}",0.5089285714285714,0.5,0.5178571428571429,0.5535714285714286,0.3392857142857143,0.5535714285714286,0.5357142857142857,0.4642857142857143,0.41964285714285715,0.5267857142857143,0.49196428571428574,0.0640683328603937,69
0.030630040168762206,0.00783357060427352,0.006123137474060058,0.006650707897358615,22,0.1,poly,scale,1.0,2.0,"{'selector__k': 22, 'svm__C': 0.1, 'svm__coef0': 1.0, 'svm__degree': 2, 'svm__gamma': 'scale', 'svm__kernel': 'poly'}",0.4732142857142857,0.5,0.5089285714285714,0.5446428571428571,0.2857142857142857,0.6071428571428571,0.5803571428571429,0.49107142857142855,0.4107142857142857,0.5178571428571429,0.4919642857142857,0.08623816836919411,72
0.027959656715393067,0.0032260368937371353,0.0033637285232543945,0.0011800850212456508,12,0.1,poly,scale,0.0,3.0,"{'selector__k': 12, 'svm__C': 0.1, 'svm__coef0': 0.0, 'svm__degree': 3, 'svm__gamma': 'scale', 'svm__kernel': 'poly'}",0.49107142857142855,0.5178571428571429,0.5535714285714286,0.5,0.4642857142857143,0.5178571428571429,0.4642857142857143,0.4642857142857143,0.4107142857142857,0.5357142857142857,0.4919642857142857,0.04001952648395532,72
0.03391416072845459,0.006147073300850501,0.01116025447845459,0.006124045980269867,8,0.1,rbf,0.01,,,"{'selector__k': 8, 'svm__C': 0.1, 'svm__gamma': 0.01, 'svm__kernel': 'rbf'}",0.5357142857142857,0.5178571428571429,0.5357142857142857,0.5357142857142857,0.33035714285714285,0.5089285714285714,0.5982142857142857,0.48214285714285715,0.375,0.5,0.4919642857142857,0.07612359881087051,72
0.030521845817565917,0.007548939528082245,0.0053195953369140625,0.005434665250417876,6,1.0,poly,scale,1.0,3.0,"{'selector__k': 6, 'svm__C': 1, 'svm__coef0': 1.0, 'svm__degree': 3, 'svm__gamma': 'scale', 'svm__kernel': 'poly'}",0.5267857142857143,0.5178571428571429,0.45535714285714285,0.5,0.29464285714285715,0.5357142857142857,0.49107142857142855,0.6428571428571429,0.4107142857142857,0.5357142857142857,0.49107142857142855,0.08684154582705593,75
0.038465118408203124,0.008986231358013814,0.012746262550354003,0.005260034152450008,12,0.1,rbf,scale,,,"{'selector__k': 12, 'svm__C': 0.1, 'svm__gamma': 'scale', 'svm__kernel': 'rbf'}",0.5446428571428571,0.5178571428571429,0.5089285714285714,0.4732142857142857,0.3125,0.5446428571428571,0.5892857142857143,0.4642857142857143,0.45535714285714285,0.49107142857142855,0.49017857142857146,0.07114340397093344,76
0.040050840377807616,0.008183859675399533,0.00814051628112793,0.006972912344193901,15,1.0,rbf,scale,,,"{'selector__k': 15, 'svm__C': 1, 'svm__gamma': 'scale', 'svm__kernel': 'rbf'}",0.5625,0.44642857142857145,0.5267857142857143,0.39285714285714285,0.33035714285714285,0.6071428571428571,0.5803571428571429,0.45535714285714285,0.45535714285714285,0.5446428571428571,0.49017857142857146,0.0840851502942107,76
0.02494082450866699,0.0072175625011350435,0.00187990665435791,0.004723138691329984,8,0.1,linear,,,,"{'selector__k': 8, 'svm__C': 0.1, 'svm__kernel': 'linear'}",0.42857142857142855,0.5,0.49107142857142855,0.5625,0.29464285714285715,0.5535714285714286,0.6696428571428571,0.49107142857142855,0.36607142857142855,0.5446428571428571,0.49017857142857135,0.10097184013377196,78
0.03381416797637939,0.008112400725953635,0.003228569030761719,0.003277062402199845,22,1.0,poly,scale,1.0,2.0,"{'selector__k': 22, 'svm__C': 1, 'svm__coef0': 1.0, 'svm__degree': 2, 'svm__gamma': 'scale', 'svm__kernel': 'poly'}",0.4642857142857143,0.45535714285714285,0.4732142857142857,0.41964285714285715,0.4107142857142857,0.5535714285714286,0.5892857142857143,0.5,0.45535714285714285,0.5714285714285714,0.4892857142857143,0.05933302759227197,79
0.15581655502319336,0.03789273697578281,0.00435032844543457,0.003633982433820924,12,10.0,linear,,,,"{'selector__k': 12, 'svm__C': 10, 'svm__kernel': 'linear'}",0.4107142857142857,0.5,0.49107142857142855,0.5267857142857143,0.30357142857142855,0.5446428571428571,0.6964285714285714,0.48214285714285715,0.38392857142857145,0.5535714285714286,0.4892857142857143,0.10170736332784387,79
0.033362841606140135,0.005032599512378862,0.0011943578720092773,0.0019252911143162717,8,1.0,linear,,,,"{'selector__k': 8, 'svm__C': 1, 'svm__kernel': 'linear'}",0.4375,0.5,0.4642857142857143,0.5625,0.29464285714285715,0.5357142857142857,0.6517857142857143,0.49107142857142855,0.38392857142857145,0.5714285714285714,0.4892857142857142,0.09647816185171498,81
0.03669731616973877,0.006959691162366579,0.0016012191772460938,0.004803657531738281,10,1.0,linear,,,,"{'selector__k': 10, 'svm__C': 1, 'svm__kernel': 'linear'}",0.41964285714285715,0.5,0.5089285714285714,0.5357142857142857,0.29464285714285715,0.5357142857142857,0.6607142857142857,0.48214285714285715,0.38392857142857145,0.5714285714285714,0.4892857142857142,0.09738284431739984,81
0.06014151573181152,0.011629014370500705,0.014242744445800782,0.0034651257680788916,15,0.1,rbf,scale,,,"{'selector__k': 15, 'svm__C': 0.1, 'svm__gamma': 'scale', 'svm__kernel': 'rbf'}",0.5357142857142857,0.5089285714285714,0.5089285714285714,0.44642857142857145,0.30357142857142855,0.5714285714285714,0.6071428571428571,0.4642857142857143,0.44642857142857145,0.5,0.4892857142857142,0.0790367713440383,81
0.03575594425201416,0.006386031880219053,0.006754088401794434,0.007049662572363495,4,10.0,rbf,0.1,,,"{'selector__k': 4, 'svm__C': 10, 'svm__gamma': 0.1, 'svm__kernel': 'rbf'}",0.5178571428571429,0.5,0.5178571428571429,0.5535714285714286,0.3482142857142857,0.5357142857142857,0.5267857142857143,0.5,0.35714285714285715,0.5357142857142857,0.4892857142857142,0.0700537330211894,81
0.038495659828186035,0.006955690943428561,0.008992886543273926,0.008329979197441212,12,0.1,rbf,0.1,,,"{'selector__k': 12, 'svm__C': 0.1, 'svm__gamma': 0.1, 'svm__kernel': 'rbf'}",0.5357142857142857,0.5,0.5089285714285714,0.4642857142857143,0.3125,0.5178571428571429,0.6071428571428571,0.4642857142857143,0.45535714285714285,0.5178571428571429,0.4883928571428572,0.07198998123321872,85
0.0385624885559082,0.006912857313280437,0.0019547700881958007,0.0020343301044084645,22,0.1,linear,,,,"{'selector__k': 22, 'svm__C': 0.1, 'svm__kernel': 'linear'}",0.48214285714285715,0.48214285714285715,0.5357142857142857,0.5089285714285714,0.33035714285714285,0.5357142857142857,0.6160714285714286,0.49107142857142855,0.38392857142857145,0.5178571428571429,0.4883928571428572,0.07618640707139943,85
0.028135037422180174,0.0015019384436939134,0.003972744941711426,0.000604526520122172,10,0.1,poly,scale,1.0,2.0,"{'selector__k': 10, 'svm__C': 0.1, 'svm__coef0': 1.0, 'svm__degree': 2, 'svm__gamma': 'scale', 'svm__kernel': 'poly'}",0.4732142857142857,0.4732142857142857,0.5535714285714286,0.5446428571428571,0.3125,0.5267857142857143,0.5714285714285714,0.49107142857142855,0.36607142857142855,0.5714285714285714,0.48839285714285713,0.08309329800573201,87
0.04661915302276611,0.003306106870951808,0.0031355857849121095,0.0016727600469400976,15,1.0,linear,,,,"{'selector__k': 15, 'svm__C': 1, 'svm__kernel': 'linear'}",0.4107142857142857,0.4642857142857143,0.5267857142857143,0.5714285714285714,0.30357142857142855,0.5625,0.6607142857142857,0.48214285714285715,0.41964285714285715,0.48214285714285715,0.488392857142857,0.09441093551542616,88
0.034270095825195315,0.0023849044069676256,0.007580709457397461,0.005443780636912368,6,0.1,rbf,0.1,,,"{'selector__k': 6, 'svm__C': 0.1, 'svm__gamma': 0.1, 'svm__kernel': 'rbf'}",0.5178571428571429,0.5089285714285714,0.5,0.5803571428571429,0.29464285714285715,0.5892857142857143,0.5535714285714286,0.4732142857142857,0.3482142857142857,0.5089285714285714,0.4875,0.09063269671749659,89
0.11101934909820557,0.01813213828235386,0.003101611137390137,0.00499609485539649,10,10.0,linear,,,,"{'selector__k': 10, 'svm__C': 10, 'svm__kernel': 'linear'}",0.4107142857142857,0.5,0.5,0.5267857142857143,0.29464285714285715,0.5357142857142857,0.6875,0.48214285714285715,0.38392857142857145,0.5535714285714286,0.4875,0.10118872547505135,89
0.02704958915710449,0.0010335704817810753,0.0034511804580688475,0.0005005876259047115,12,0.1,poly,scale,1.0,2.0,"{'selector__k': 12, 'svm__C': 0.1, 'svm__coef0': 1.0, 'svm__degree': 2, 'svm__gamma': 'scale', 'svm__kernel': 'poly'}",0.5,0.48214285714285715,0.5267857142857143,0.5267857142857143,0.3125,0.5446428571428571,0.5714285714285714,0.49107142857142855,0.39285714285714285,0.5267857142857143,0.4875,0.0739725542043142,89
0.02484102249145508,0.0069217503816276236,0.002007269859313965,0.004834692508402919,10,0.1,linear,,,,"{'selector__k': 10, 'svm__C': 0.1, 'svm__kernel': 'linear'}",0.42857142857142855,0.5,0.5267857142857143,0.5446428571428571,0.30357142857142855,0.5535714285714286,0.6339285714285714,0.48214285714285715,0.36607142857142855,0.5357142857142857,0.4875,0.09228878256730393,89
0.031429481506347653,0.007093333031212127,0.01160569190979004,0.0076988170433047246,4,1.0,rbf,0.1,,,"{'selector__k': 4, 'svm__C': 1, 'svm__gamma': 0.1, 'svm__kernel': 'rbf'}",0.5,0.5089285714285714,0.5,0.5982142857142857,0.30357142857142855,0.5714285714285714,0.5357142857142857,0.4732142857142857,0.375,0.5089285714285714,0.48749999999999993,0.08339496020596869,93
0.03090336322784424,0.006308046570943435,0.009025287628173829,0.00832826353078286,6,0.1,rbf,scale,,,"{'selector__k': 6, 'svm__C': 0.1, 'svm__gamma': 'scale', 'svm__kernel': 'rbf'}",0.5,0.5,0.5,0.6160714285714286,0.29464285714285715,0.5535714285714286,0.5446428571428571,0.4732142857142857,0.3482142857142857,0.5357142857142857,0.4866071428571429,0.09151241273004156,94
0.022365045547485352,0.008333865965324538,0.006307744979858398,0.007725747177498513,12,0.1,linear,,,,"{'selector__k': 12, 'svm__C': 0.1, 'svm__kernel': 'linear'}",0.41964285714285715,0.49107142857142855,0.5,0.5357142857142857,0.30357142857142855,0.5625,0.6696428571428571,0.4732142857142857,0.375,0.5357142857142857,0.4866071428571428,0.09741967518034998,95
0.033661913871765134,0.00819216306131733,0.008451271057128906,0.0076467479111727524,6,0.1,rbf,0.01,,,"{'selector__k': 6, 'svm__C': 0.1, 'svm__gamma': 0.01, 'svm__kernel': 'rbf'}",0.5,0.5,0.5625,0.5,0.39285714285714285,0.5,0.5714285714285714,0.45535714285714285,0.35714285714285715,0.5267857142857143,0.4866071428571428,0.06466283235178538,95
0.03704674243927002,0.008588708702850122,0.006768178939819336,0.006821150659554738,10,1.0,rbf,0.01,,,"{'selector__k': 10, 'svm__C': 1, 'svm__gamma': 0.01, 'svm__kernel': 'rbf'}",0.45535714285714285,0.5,0.5089285714285714,0.5446428571428571,0.29464285714285715,0.5714285714285714,0.625,0.49107142857142855,0.3392857142857143,0.5357142857142857,0.4866071428571428,0.09610146237924046,95
0.0380915641784668,0.007587488542470403,0.007799410820007324,0.007045982102429688,10,0.1,rbf,0.01,,,"{'selector__k': 10, 'svm__C': 0.1, 'svm__gamma': 0.01, 'svm__kernel': 'rbf'}",0.49107142857142855,0.5,0.5267857142857143,0.5,0.38392857142857145,0.5089285714285714,0.5714285714285714,0.48214285714285715,0.35714285714285715,0.5446428571428571,0.4866071428571428,0.06354358338806458,95
0.03509678840637207,0.004013434028379799,0.0042651653289794925,0.004415776575160963,22,0.1,poly,scale,0.0,3.0,"{'selector__k': 22, 'svm__C': 0.1, 'svm__coef0': 0.0, 'svm__degree': 3, 'svm__gamma': 'scale', 'svm__kernel': 'poly'}",0.48214285714285715,0.5089285714285714,0.5089285714285714,0.5178571428571429,0.4375,0.49107142857142855,0.5,0.49107142857142855,0.39285714285714285,0.5267857142857143,0.48571428571428577,0.038754525739661976,99
0.035143375396728516,0.003698303674316362,0.012685823440551757,0.00379407554708478,12,1.0,rbf,0.01,,,"{'selector__k': 12, 'svm__C': 1, 'svm__gamma': 0.01, 'svm__kernel': 'rbf'}",0.45535714285714285,0.5089285714285714,0.5,0.5446428571428571,0.29464285714285715,0.5714285714285714,0.5714285714285714,0.49107142857142855,0.39285714285714285,0.5178571428571429,0.4848214285714286,0.08124999999999999,100
0.03629810810089111,0.0044469669490348005,0.003137040138244629,0.0021743041448881763,12,1.0,poly,scale,1.0,3.0,"{'selector__k': 12, 'svm__C': 1, 'svm__coef0': 1.0, 'svm__degree': 3, 'svm__gamma': 'scale', 'svm__kernel': 'poly'}",0.5089285714285714,0.4642857142857143,0.4375,0.5,0.3482142857142857,0.49107142857142855,0.5267857142857143,0.5,0.44642857142857145,0.625,0.48482142857142857,0.06729679352218311,101
0.04040060043334961,0.014050260303644837,0.004080843925476074,0.0036931358990003015,6,1.0,poly,scale,0.0,3.0,"{'selector__k': 6, 'svm__C': 1, 'svm__coef0': 0.0, 'svm__degree': 3, 'svm__gamma': 'scale', 'svm__kernel': 'poly'}",0.4017857142857143,0.5,0.5535714285714286,0.48214285714285715,0.32142857142857145,0.49107142857142855,0.5535714285714286,0.5267857142857143,0.48214285714285715,0.5357142857142857,0.48482142857142857,0.06905082607494753,101
0.035179948806762694,0.006423878389896441,0.0031690359115600585,0.006338341638719197,12,1.0,linear,,,,"{'selector__k': 12, 'svm__C': 1, 'svm__kernel': 'linear'}",0.4107142857142857,0.49107142857142855,0.49107142857142855,0.5178571428571429,0.30357142857142855,0.5446428571428571,0.6696428571428571,0.48214285714285715,0.375,0.5625,0.48482142857142857,0.0976485328583474,101
0.04632854461669922,0.0051547399254311095,0.011603093147277832,0.0018049587597488172,22,10.0,rbf,0.01,,,"{'selector__k': 22, 'svm__C': 10, 'svm__gamma': 0.01, 'svm__kernel': 'rbf'}",0.4642857142857143,0.49107142857142855,0.5178571428571429,0.42857142857142855,0.39285714285714285,0.5803571428571429,0.45535714285714285,0.5,0.44642857142857145,0.5625,0.48392857142857143,0.05558708005811923,104
0.16275374889373778,0.02303216210542091,0.0047762393951416016,0.00437882639376582,15,10.0,linear,,,,"{'selector__k': 15, 'svm__C': 10, 'svm__kernel': 'linear'}",0.41964285714285715,0.44642857142857145,0.49107142857142855,0.5714285714285714,0.30357142857142855,0.5357142857142857,0.6696428571428571,0.48214285714285715,0.42857142857142855,0.49107142857142855,0.48392857142857143,0.09277125148471813,104
0.03338942527770996,0.002882593626768396,0.0029355525970458985,0.0003837996971749031,8,1.0,poly,scale,1.0,3.0,"{'selector__k': 8, 'svm__C': 1, 'svm__coef0': 1.0, 'svm__degree': 3, 'svm__gamma': 'scale', 'svm__kernel': 'poly'}",0.4375,0.48214285714285715,0.48214285714285715,0.48214285714285715,0.32142857142857145,0.5267857142857143,0.5178571428571429,0.6160714285714286,0.4107142857142857,0.5625,0.48392857142857143,0.07781699489107474,104
0.022547149658203126,0.00439144553729073,0.0030080318450927735,0.004084744384993932,4,0.1,poly,scale,1.0,3.0,"{'selector__k': 4, 'svm__C': 0.1, 'svm__coef0': 1.0, 'svm__degree': 3, 'svm__gamma': 'scale', 'svm__kernel': 'poly'}",0.4732142857142857,0.5089285714285714,0.5178571428571429,0.5714285714285714,0.30357142857142855,0.5178571428571429,0.5178571428571429,0.49107142857142855,0.42857142857142855,0.5,0.48303571428571435,0.06909699076409234,107
0.047312808036804196,0.006582739467207611,0.013959550857543945,0.00531013948138984,22,1.0,rbf,0.01,,,"{'selector__k': 22, 'svm__C': 1, 'svm__gamma': 0.01, 'svm__kernel': 'rbf'}",0.5,0.5267857142857143,0.5,0.5446428571428571,0.26785714285714285,0.5982142857142857,0.49107142857142855,0.49107142857142855,0.4107142857142857,0.49107142857142855,0.4821428571428572,0.08442104752552008,108
0.034516763687133786,0.006262884475501392,0.010464000701904296,0.007454223055098131,10,10.0,rbf,0.01,,,"{'selector__k': 10, 'svm__C': 10, 'svm__gamma': 0.01, 'svm__kernel': 'rbf'}",0.44642857142857145,0.4642857142857143,0.5178571428571429,0.5535714285714286,0.3125,0.5446428571428571,0.5625,0.48214285714285715,0.36607142857142855,0.5714285714285714,0.4821428571428572,0.0828001651383545,108
0.041866517066955565,0.006318449482135888,0.011335515975952148,0.004587485576656445,15,1.0,rbf,0.01,,,"{'selector__k': 15, 'svm__C': 1, 'svm__gamma': 0.01, 'svm__kernel': 'rbf'}",0.4732142857142857,0.5089285714285714,0.5267857142857143,0.5446428571428571,0.25892857142857145,0.5357142857142857,0.5357142857142857,0.49107142857142855,0.4375,0.5089285714285714,0.4821428571428571,0.08065421279025867,110
0.029153823852539062,0.0028676077624850875,0.00339963436126709,0.00046968561077977535,10,1.0,poly,scale,1.0,2.0,"{'selector__k': 10, 'svm__C': 1, 'svm__coef0': 1.0, 'svm__degree': 2, 'svm__gamma': 'scale', 'svm__kernel': 'poly'}",0.4642857142857143,0.45535714285714285,0.4375,0.5357142857142857,0.32142857142857145,0.5446428571428571,0.6339285714285714,0.4642857142857143,0.39285714285714285,0.5714285714285714,0.4821428571428571,0.08656571173957728,110
0.030115723609924316,0.006529515110022226,0.004014897346496582,0.005019315996944778,8,1.0,poly,scale,0.0,3.0,"{'selector__k': 8, 'svm__C': 1, 'svm__coef0': 0.0, 'svm__degree': 3, 'svm__gamma': 'scale', 'svm__kernel': 'poly'}",0.41964285714285715,0.36607142857142855,0.5625,0.5,0.32142857142857145,0.5,0.5535714285714286,0.5625,0.4642857142857143,0.5714285714285714,0.4821428571428571,0.08375742428256124,110
0.042103910446166994,0.014320765416917059,0.003679370880126953,0.0012701226811716027,10,1.0,poly,scale,1.0,3.0,"{'selector__k': 10, 'svm__C': 1, 'svm__coef0': 1.0, 'svm__degree': 3, 'svm__gamma': 'scale', 'svm__kernel': 'poly'}",0.4642857142857143,0.4732142857142857,0.44642857142857145,0.48214285714285715,0.3125,0.5625,0.5535714285714286,0.49107142857142855,0.41964285714285715,0.6071428571428571,0.4812499999999999,0.07849529590740986,113
0.03437049388885498,0.003192274440593853,0.004582738876342774,0.0011627314890337883,15,0.1,poly,scale,1.0,2.0,"{'selector__k': 15, 'svm__C': 0.1, 'svm__coef0': 1.0, 'svm__degree': 2, 'svm__gamma': 'scale', 'svm__kernel': 'poly'}",0.49107142857142855,0.49107142857142855,0.5089285714285714,0.5357142857142857,0.25892857142857145,0.5446428571428571,0.5446428571428571,0.49107142857142855,0.41964285714285715,0.5178571428571429,0.48035714285714287,0.08161710630018883,114
0.03229553699493408,0.00547625265768196,0.003614187240600586,0.0014267354640585862,15,0.1,poly,scale,1.0,3.0,"{'selector__k': 15, 'svm__C': 0.1, 'svm__coef0': 1.0, 'svm__degree': 3, 'svm__gamma': 'scale', 'svm__kernel': 'poly'}",0.4732142857142857,0.49107142857142855,0.5178571428571429,0.5446428571428571,0.2767857142857143,0.5535714285714286,0.5,0.4732142857142857,0.42857142857142855,0.5357142857142857,0.4794642857142858,0.07660381278143445,115
0.03162336349487305,0.006763019949468316,0.003279709815979004,0.0039388507355374225,4,1.0,poly,scale,1.0,3.0,"{'selector__k': 4, 'svm__C': 1, 'svm__coef0': 1.0, 'svm__degree': 3, 'svm__gamma': 'scale', 'svm__kernel': 'poly'}",0.48214285714285715,0.5625,0.5089285714285714,0.5,0.3125,0.5357142857142857,0.4732142857142857,0.49107142857142855,0.4375,0.49107142857142855,0.4794642857142858,0.06426711040331466,115
0.03702447414398193,0.006642355365569496,0.008695077896118165,0.0070167053978084796,8,0.1,rbf,scale,,,"{'selector__k': 8, 'svm__C': 0.1, 'svm__gamma': 'scale', 'svm__kernel': 'rbf'}",0.49107142857142855,0.5178571428571429,0.5089285714285714,0.5267857142857143,0.3125,0.48214285714285715,0.6071428571428571,0.4642857142857143,0.3482142857142857,0.5267857142857143,0.47857142857142854,0.08281941875218021,117
0.03694460391998291,0.009484555116736399,0.007730650901794434,0.006829473314358878,8,0.1,rbf,0.1,,,"{'selector__k': 8, 'svm__C': 0.1, 'svm__gamma': 0.1, 'svm__kernel': 'rbf'}",0.49107142857142855,0.5267857142857143,0.5,0.5178571428571429,0.3125,0.48214285714285715,0.6071428571428571,0.4642857142857143,0.35714285714285715,0.5267857142857143,0.47857142857142854,0.08116655840973937,117
0.02483978271484375,0.0006153021882508017,0.0034506797790527345,0.0007018068316547917,8,0.1,poly,scale,1.0,2.0,"{'selector__k': 8, 'svm__C': 0.1, 'svm__coef0': 1.0, 'svm__degree': 2, 'svm__gamma': 'scale', 'svm__kernel': 'poly'}",0.4642857142857143,0.5,0.5089285714285714,0.5178571428571429,0.30357142857142855,0.5267857142857143,0.5535714285714286,0.4642857142857143,0.375,0.5714285714285714,0.47857142857142854,0.07826645357432545,117
0.030826592445373537,0.0018547567632674169,0.004085803031921386,0.00047108566439733456,15,0.1,poly,scale,0.0,3.0,"{'selector__k': 15, 'svm__C': 0.1, 'svm__coef0': 0.0, 'svm__degree': 3, 'svm__gamma': 'scale', 'svm__kernel': 'poly'}",0.48214285714285715,0.5,0.48214285714285715,0.5,0.4642857142857143,0.49107142857142855,0.4732142857142857,0.49107142857142855,0.36607142857142855,0.5357142857142857,0.47857142857142854,0.04172614801981401,117
0.03256368637084961,0.0022778455048624623,0.014226603507995605,0.005311281335229569,6,10.0,rbf,0.01,,,"{'selector__k': 6, 'svm__C': 10, 'svm__gamma': 0.01, 'svm__kernel': 'rbf'}",0.5357142857142857,0.5,0.5,0.5267857142857143,0.2857142857142857,0.5535714285714286,0.5357142857142857,0.4732142857142857,0.375,0.49107142857142855,0.47767857142857145,0.07968468632487599,121
0.05266361236572266,0.022094484365282864,0.013267827033996583,0.005040907573381046,12,10.0,rbf,0.01,,,"{'selector__k': 12, 'svm__C': 10, 'svm__gamma': 0.01, 'svm__kernel': 'rbf'}",0.49107142857142855,0.4732142857142857,0.5267857142857143,0.5267857142857143,0.32142857142857145,0.5357142857142857,0.5,0.4732142857142857,0.41964285714285715,0.5089285714285714,0.47767857142857134,0.06137378162887285,122
0.03749041557312012,0.01506103904225748,0.0035575389862060546,0.000619075693681007,12,1.0,poly,scale,1.0,2.0,"{'selector__k': 12, 'svm__C': 1, 'svm__coef0': 1.0, 'svm__degree': 2, 'svm__gamma': 'scale', 'svm__kernel': 'poly'}",0.4375,0.4732142857142857,0.48214285714285715,0.5267857142857143,0.3392857142857143,0.5089285714285714,0.6160714285714286,0.4642857142857143,0.4107142857142857,0.5089285714285714,0.47678571428571426,0.06998542122237653,123
0.03125314712524414,0.0017494028992992357,0.00890944004058838,0.008018499154464485,6,1.0,rbf,0.1,,,"{'selector__k': 6, 'svm__C': 1, 'svm__gamma': 0.1, 'svm__kernel': 'rbf'}",0.49107142857142855,0.49107142857142855,0.42857142857142855,0.5,0.30357142857142855,0.5357142857142857,0.5803571428571429,0.5625,0.375,0.5,0.47678571428571426,0.08106828187725834,123
0.022999882698059082,0.004591998035133027,0.002701282501220703,0.003634497351775244,6,0.1,poly,scale,1.0,2.0,"{'selector__k': 6, 'svm__C': 0.1, 'svm__coef0': 1.0, 'svm__degree': 2, 'svm__gamma': 'scale', 'svm__kernel': 'poly'}",0.49107142857142855,0.5,0.5089285714285714,0.5089285714285714,0.2857142857142857,0.5714285714285714,0.5357142857142857,0.48214285714285715,0.39285714285714285,0.48214285714285715,0.4758928571428571,0.07670780931694035,125
0.031870579719543456,0.004200071244950809,0.003715777397155762,0.0005694918148965022,12,1.0,poly,scale,0.0,3.0,"{'selector__k': 12, 'svm__C': 1, 'svm__coef0': 0.0, 'svm__degree': 3, 'svm__gamma': 'scale', 'svm__kernel': 'poly'}",0.44642857142857145,0.4732142857142857,0.6071428571428571,0.49107142857142855,0.3125,0.5178571428571429,0.44642857142857145,0.44642857142857145,0.45535714285714285,0.5535714285714286,0.4750000000000001,0.07414478390009534,126
0.036818075180053714,0.007628582162969462,0.0036078453063964843,0.0049194869959125545,15,0.1,linear,,,,"{'selector__k': 15, 'svm__C': 0.1, 'svm__kernel': 'linear'}",0.42857142857142855,0.49107142857142855,0.5178571428571429,0.5267857142857143,0.30357142857142855,0.5357142857142857,0.5803571428571429,0.48214285714285715,0.4017857142857143,0.48214285714285715,0.475,0.07521228460233105,127
0.03221879005432129,0.005823276544537835,0.013581323623657226,0.005641788003290475,10,0.1,rbf,0.1,,,"{'selector__k': 10, 'svm__C': 0.1, 'svm__gamma': 0.1, 'svm__kernel': 'rbf'}",0.5267857142857143,0.5089285714285714,0.5,0.4732142857142857,0.29464285714285715,0.5267857142857143,0.5803571428571429,0.4642857142857143,0.36607142857142855,0.5,0.4741071428571429,0.07960461125244606,128
0.037852692604064944,0.008005888754073426,0.006625843048095703,0.007615783691855039,10,0.1,rbf,scale,,,"{'selector__k': 10, 'svm__C': 0.1, 'svm__gamma': 'scale', 'svm__kernel': 'rbf'}",0.5267857142857143,0.5089285714285714,0.5,0.4732142857142857,0.29464285714285715,0.5267857142857143,0.5803571428571429,0.4642857142857143,0.36607142857142855,0.5,0.4741071428571429,0.07960461125244606,128
0.02859022617340088,0.00427030505961653,0.0028618335723876952,0.0010653242736613244,10,0.1,poly,scale,1.0,3.0,"{'selector__k': 10, 'svm__C': 0.1, 'svm__coef0': 1.0, 'svm__degree': 3, 'svm__gamma': 'scale', 'svm__kernel': 'poly'}",0.4375,0.4732142857142857,0.48214285714285715,0.5625,0.30357142857142855,0.5535714285714286,0.5178571428571429,0.4732142857142857,0.3392857142857143,0.5892857142857143,0.47321428571428575,0.08829810939340083,130
0.037360548973083496,0.0071359690967884495,0.006367111206054687,0.007798530272947748,8,10.0,rbf,0.01,,,"{'selector__k': 8, 'svm__C': 10, 'svm__gamma': 0.01, 'svm__kernel': 'rbf'}",0.4642857142857143,0.48214285714285715,0.5178571428571429,0.5089285714285714,0.30357142857142855,0.5357142857142857,0.5535714285714286,0.4642857142857143,0.3482142857142857,0.5446428571428571,0.47232142857142856,0.07960461125244606,131
0.032916927337646486,0.0076658273245376754,0.004301738739013672,0.004473290428707905,15,1.0,poly,scale,1.0,2.0,"{'selector__k': 15, 'svm__C': 1, 'svm__coef0': 1.0, 'svm__degree': 2, 'svm__gamma': 'scale', 'svm__kernel': 'poly'}",0.4642857142857143,0.45535714285714285,0.48214285714285715,0.4107142857142857,0.3392857142857143,0.5446428571428571,0.5625,0.4732142857142857,0.41964285714285715,0.5714285714285714,0.47232142857142845,0.06921226777244104,132
0.028630685806274415,0.005135937445053115,0.002122783660888672,0.0018436622827065232,6,1.0,poly,scale,1.0,2.0,"{'selector__k': 6, 'svm__C': 1, 'svm__coef0': 1.0, 'svm__degree': 2, 'svm__gamma': 'scale', 'svm__kernel': 'poly'}",0.48214285714285715,0.5,0.4732142857142857,0.49107142857142855,0.30357142857142855,0.5267857142857143,0.5714285714285714,0.4642857142857143,0.4017857142857143,0.49107142857142855,0.47053571428571433,0.0691661800245154,133
0.028099775314331055,0.005680286347312263,0.002963757514953613,0.0015739727910777834,12,0.1,poly,scale,1.0,3.0,"{'selector__k': 12, 'svm__C': 0.1, 'svm__coef0': 1.0, 'svm__degree': 3, 'svm__gamma': 'scale', 'svm__kernel': 'poly'}",0.4732142857142857,0.4642857142857143,0.5,0.5178571428571429,0.3125,0.5357142857142857,0.5,0.4732142857142857,0.39285714285714285,0.5267857142857143,0.4696428571428572,0.06514798695340965,134
0.033774304389953616,0.0030639281617582223,0.006067204475402832,0.006887927885598442,8,1.0,rbf,0.1,,,"{'selector__k': 8, 'svm__C': 1, 'svm__gamma': 0.1, 'svm__kernel': 'rbf'}",0.45535714285714285,0.4642857142857143,0.4732142857142857,0.4375,0.32142857142857145,0.5,0.6160714285714286,0.5,0.38392857142857145,0.5446428571428571,0.46964285714285714,0.07713789666591134,135
0.069710111618042,0.01913499268151211,0.017846965789794923,0.005390020959567439,15,10.0,rbf,0.01,,,"{'selector__k': 15, 'svm__C': 10, 'svm__gamma': 0.01, 'svm__kernel': 'rbf'}",0.48214285714285715,0.4375,0.5089285714285714,0.5178571428571429,0.30357142857142855,0.5446428571428571,0.4732142857142857,0.4642857142857143,0.4375,0.5089285714285714,0.46785714285714286,0.063912607743476,136
0.029134225845336915,0.003035130539115698,0.0035883426666259766,0.000586816440016789,10,1.0,poly,scale,0.0,3.0,"{'selector__k': 10, 'svm__C': 1, 'svm__coef0': 0.0, 'svm__degree': 3, 'svm__gamma': 'scale', 'svm__kernel': 'poly'}",0.44642857142857145,0.4642857142857143,0.5714285714285714,0.4732142857142857,0.3125,0.4732142857142857,0.4642857142857143,0.45535714285714285,0.4107142857142857,0.5803571428571429,0.46517857142857144,0.0717014875461209,137
0.027767753601074217,0.0014035400766793974,0.0031994342803955077,0.000453184454727307,8,0.1,poly,scale,1.0,3.0,"{'selector__k': 8, 'svm__C': 0.1, 'svm__coef0': 1.0, 'svm__degree': 3, 'svm__gamma': 'scale', 'svm__kernel': 'poly'}",0.45535714285714285,0.4732142857142857,0.4642857142857143,0.5446428571428571,0.33035714285714285,0.4732142857142857,0.5267857142857143,0.4732142857142857,0.3482142857142857,0.5446428571428571,0.4633928571428571,0.06967146848178359,138
0.025343704223632812,0.004363273968166143,0.0041833162307739254,0.004010245120021985,6,0.1,poly,scale,1.0,3.0,"{'selector__k': 6, 'svm__C': 0.1, 'svm__coef0': 1.0, 'svm__degree': 3, 'svm__gamma': 'scale', 'svm__kernel': 'poly'}",0.48214285714285715,0.5089285714285714,0.44642857142857145,0.5089285714285714,0.2857142857142857,0.5446428571428571,0.5089285714285714,0.4642857142857143,0.35714285714285715,0.49107142857142855,0.45982142857142855,0.07547151949644341,139
0.02814791202545166,0.0070825044849344996,0.005073380470275879,0.0055511975328423795,8,1.0,poly,scale,1.0,2.0,"{'selector__k': 8, 'svm__C': 1, 'svm__coef0': 1.0, 'svm__degree': 2, 'svm__gamma': 'scale', 'svm__kernel': 'poly'}",0.44642857142857145,0.44642857142857145,0.48214285714285715,0.49107142857142855,0.3482142857142857,0.44642857142857145,0.5535714285714286,0.45535714285714285,0.36607142857142855,0.5446428571428571,0.4580357142857142,0.06263378538319851,140
